Symbol,Coin,Price,1h,24h,7d,30d,24h Volume,Circulating Supply,Total Supply,Mkt Cap
BTC,Bitcoin,"$26,638.93",-0.2%,-6.9%,-9.6%,-11.3%,"$32,505,358,960","19,460,618",21 Million,"$518,410,040,659"
ETH,Ethereum,"$1,691.08",-0.0%,-6.0%,-8.7%,-11.5%,"$22,282,583,395","120,135,854",120 Million,"$203,004,647,962"
BNB,BNB,$218.38,-0.5%,-5.3%,-9.7%,-9.9%,"$967,710,151","153,856,150",154 Million,"$33,581,038,817"
XRP,XRP,$0.504748,-0.6%,-14.8%,-20.4%,-35.7%,"$2,283,883,016","52,841,868,447",100 Billion,"$26,641,110,119"
STETH,Lido Staked Ether,"$1,690.11",-0.1%,-6.0%,-8.7%,-11.5%,"$31,608,483","8,166,387",8.17 Million,"$13,793,747,182"
ADA,Cardano,$0.259256,0.4%,-6.1%,-12.7%,-18.3%,"$362,200,846","35,045,020,830",45 Billion,"$9,080,341,185"
SOL,Solana,$21.81,-0.1%,-6.0%,-12.0%,-17.3%,"$645,930,494","407,234,222",555 Million,"$8,879,102,357"
DOGE,Dogecoin,$0.061114,0.0%,-10.0%,-19.5%,-11.9%,"$838,032,790","140,634,166,384",141 Billion,"$8,583,995,573"
TRX,TRON,$0.072913,-0.2%,-2.7%,-5.8%,-9.3%,"$325,423,470","89,442,533,962",89.4 Billion,"$6,518,999,837"
DOT,Polkadot,$4.41,-1.0%,-5.9%,-12.1%,-15.9%,"$215,588,281","1,265,596,742",1.35 Billion,"$5,577,010,163"
MATIC,Polygon,$0.571813,-0.5%,-8.4%,-16.5%,-23.9%,"$414,092,454","9,319,469,069",10 Billion,"$5,328,607,135"
LTC,Litecoin,$65.38,-0.2%,-13.0%,-21.4%,-29.6%,"$1,165,289,667","73,552,933",84 Million,"$4,801,549,900"
SHIB,Shiba Inu,$0.00000818,1.2%,-10.3%,-17.6%,5.2%,"$487,498,481","589,334,187,729,825",1 Quadrillion,"$4,796,846,125"
TON,Toncoin,$1.31,0.1%,-8.9%,4.1%,-5.5%,"$24,596,273","3,438,718,018",5.09 Billion,"$4,505,867,609"
WBTC,Wrapped Bitcoin,"$26,714.65",-0.2%,-6.7%,-9.4%,-11.0%,"$217,445,569","162,305",162 Thousand,"$4,325,911,995"
DAI,Dai,$1.00,-0.0%,0.0%,0.0%,-0.0%,"$215,961,254","3,938,237,990",3.94 Billion,"$3,946,781,650"
UNI,Uniswap,$5.01,0.2%,-7.9%,-18.8%,-16.0%,"$199,866,661","753,766,667",1 Billion,"$3,769,311,100"
AVAX,Avalanche,$10.68,-0.1%,-6.0%,-14.3%,-23.9%,"$167,753,291","343,992,124",431 Million,"$3,669,936,937"
LEO,LEO Token,$3.90,-1.3%,-2.3%,-2.3%,-3.4%,"$824,675","929,593,548",985 Million,"$3,641,244,659"
BCH,Bitcoin Cash,$183.47,0.2%,-12.3%,-21.0%,-26.9%,"$381,898,697","19,478,931",21 Million,"$3,559,644,318"
LINK,Chainlink,$6.21,0.0%,-8.8%,-18.1%,-11.3%,"$467,598,394","538,099,971",1 Billion,"$3,331,761,844"
XLM,Stellar,$0.114166,-0.2%,-10.2%,-18.3%,-13.7%,"$129,884,594","27,365,629,322",50 Billion,"$3,115,434,975"
XMR,Monero,$145.05,-0.1%,-5.9%,-7.2%,-13.8%,"$93,038,872","18,147,820",∞,"$2,624,529,482"
OKB,OKB,$42.83,-0.1%,-4.9%,-12.5%,-1.3%,"$7,101,353","60,000,000",236 Million,"$2,566,866,232"
ATOM,Cosmos Hub,$7.64,1.8%,-2.3%,-9.4%,-18.6%,"$266,855,754","292,586,164",∞,"$2,231,583,888"
ETC,Ethereum Classic,$15.14,0.2%,-7.0%,-14.6%,-20.3%,"$160,429,841","142,541,516",211 Million,"$2,150,594,339"
HBAR,Hedera,$0.056372,0.6%,-10.4%,-1.4%,5.5%,"$97,065,049","32,983,824,902",50 Billion,"$1,871,261,337"
FIL,Filecoin,$3.47,0.2%,-7.1%,-16.2%,-20.0%,"$142,340,917","442,793,578",1.96 Billion,"$1,535,117,612"
ICP,Internet Computer,$3.44,0.3%,-7.1%,-14.8%,-16.7%,"$47,622,209","441,618,773",504 Million,"$1,511,248,588"
LDO,Lido DAO,$1.65,-0.6%,-3.0%,-10.7%,-19.7%,"$85,926,580","878,845,966",1 Billion,"$1,457,873,158"
QNT,Quant,$98.36,-0.1%,-2.1%,-3.6%,-2.4%,"$29,797,974","14,544,176",14.6 Million,"$1,425,913,450"
MNT,Mantle,$0.431920,0.1%,-3.8%,-6.8%,-21.0%,"$19,929,986","3,234,268,325",6.22 Billion,"$1,396,292,655"
CRO,Cronos,$0.051776,-0.3%,-4.7%,-10.0%,-12.9%,"$9,187,403","26,219,604,977",30 Billion,"$1,357,880,430"
ARB,Arbitrum,$1.00,0.3%,-4.3%,-13.6%,-20.8%,"$282,543,548","1,275,000,000",10 Billion,"$1,276,003,353"
APT,Aptos,$5.63,-0.9%,-10.0%,-20.6%,-26.6%,"$135,821,090","225,856,631",1.05 Billion,"$1,273,353,437"
VET,VeChain,$0.01581140,-0.5%,-7.0%,-12.7%,-17.9%,"$61,680,802","72,714,516,834",86 Billion,"$1,148,340,720"
NEAR,NEAR Protocol,$1.12,0.3%,-7.5%,-16.0%,-25.5%,"$102,230,118","941,671,518",1 Billion,"$1,055,099,307"
OP,Optimism,$1.36,-1.0%,-4.7%,-14.4%,-7.2%,"$182,625,862","716,708,907",4.29 Billion,"$975,387,707"
MKR,Maker,"$1,065.63",-0.1%,-5.8%,-15.0%,10.8%,"$135,143,821","901,311",978 Thousand,"$958,493,457"
RETH,Rocket Pool ETH,"$1,849.82",0.6%,-5.4%,-8.1%,-10.2%,"$24,734,636","498,911",499 Thousand,"$922,003,956"
GRT,The Graph,$0.089741,0.4%,-9.0%,-16.0%,-23.4%,"$57,434,603","9,129,993,477",10 Billion,"$817,093,102"
AAVE,Aave,$56.31,0.4%,-6.5%,-15.4%,-22.9%,"$105,495,286","14,519,975",16 Million,"$816,006,516"
FRAX,Frax,$0.999161,-0.1%,-0.2%,0.1%,-0.1%,"$23,293,093","806,724,883",807 Million,"$806,551,409"
WBT,WhiteBIT Coin,$5.51,-0.1%,-2.4%,-0.6%,-0.1%,"$12,469,222","144,118,517",369 Million,"$793,894,215"
XDC,XDC Network,$0.056436,2.6%,-7.0%,-15.1%,62.7%,"$10,214,514","13,856,904,161",37.9 Billion,"$779,470,094"
KAS,Kaspa,$0.03771993,0.1%,-3.3%,-11.7%,11.7%,"$12,412,742","20,205,781,458",20.2 Billion,"$763,191,357"
ALGO,Algorand,$0.093485,0.0%,-9.2%,-17.2%,-19.1%,"$62,820,744","7,827,178,217",7.83 Billion,"$730,678,516"
EGLD,MultiversX,$27.03,0.1%,-6.1%,-11.4%,-25.8%,"$19,976,064","25,846,866",25.9 Million,"$697,223,018"
SAND,The Sandbox,$0.326696,0.1%,-8.6%,-18.9%,-26.9%,"$94,770,237","2,057,931,926",3 Billion,"$670,188,149"
SNX,Synthetix Network,$2.08,-0.4%,-10.8%,-19.5%,-24.4%,"$44,180,837","322,131,898",323 Million,"$669,864,700"
STX,Stacks,$0.474119,0.6%,-8.7%,-18.7%,-26.1%,"$26,203,474","1,399,197,485",1.82 Billion,"$662,048,702"
FLEX,FLEX Coin,$6.82,-2.0%,9.6%,-7.3%,66.0%,"$289,298","98,664,939",98.7 Million,"$661,594,085"
IMX,ImmutableX,$0.588380,-0.2%,-6.9%,-17.8%,-20.9%,"$26,256,800","1,123,390,887",2 Billion,"$658,225,649"
XTZ,Tezos,$0.691621,0.1%,-5.9%,-12.5%,-17.0%,"$24,134,453","941,114,001",∞,"$650,740,800"
AXS,Axie Infinity,$4.89,0.7%,-8.0%,-17.9%,-23.2%,"$57,418,021","131,031,753",270 Million,"$639,709,775"
EOS,EOS,$0.571942,-0.6%,-10.4%,-20.3%,-25.8%,"$159,124,433","1,116,993,833",∞,"$638,232,225"
THETA,Theta Network,$0.626136,0.1%,-7.7%,-15.6%,-19.0%,"$21,855,542","1,000,000,000",1 Billion,"$624,574,925"
BGB,Bitget Token,$0.431047,0.7%,-3.7%,-6.1%,-8.2%,"$14,827,101","1,400,001,000",2 Billion,"$603,663,061"
INJ,Injective,$7.11,0.7%,-0.0%,-7.5%,-21.8%,"$68,938,555","83,755,556",100 Million,"$593,924,722"
APE,ApeCoin,$1.54,0.5%,-12.2%,-17.8%,-28.3%,"$193,712,120","368,593,750",1 Billion,"$565,066,366"
MANA,Decentraland,$0.301915,0.7%,-8.7%,-17.9%,-25.9%,"$71,141,865","1,842,079,955",2.19 Billion,"$555,694,822"
BSV,Bitcoin SV,$28.65,-0.0%,-8.2%,-20.0%,-22.7%,"$38,742,745","19,266,077",21 Million,"$548,340,349"
FTM,Fantom,$0.194240,-0.4%,-10.1%,-19.2%,-25.8%,"$107,817,559","2,802,314,015",3.18 Billion,"$543,482,108"
XRD,Radix,$0.052535,-0.1%,-6.6%,-0.7%,-12.2%,"$2,314,472","10,235,602,216",12.6 Billion,"$538,201,285"
GT,Gate,$3.90,-0.4%,-3.8%,-4.4%,-8.3%,"$972,395","137,367,574",300 Million,"$536,089,983"
RNDR,Render,$1.44,-0.5%,-8.5%,-15.9%,-24.7%,"$40,238,383","371,908,453",531 Million,"$534,555,071"
RLB,Rollbit Coin,$0.160791,2.4%,6.2%,-13.6%,34.4%,"$21,072,243","3,296,951,622",3.3 Billion,"$529,863,068"
RPL,Rocket Pool,$25.76,-1.4%,-5.6%,-9.5%,-24.3%,"$5,037,337","19,620,795",19.6 Million,"$504,807,167"
KAVA,Kava,$0.708319,0.3%,-4.1%,-14.9%,-21.8%,"$36,812,941","701,475,540",701 Million,"$500,537,605"
NEO,NEO,$6.93,-0.0%,-10.2%,-18.3%,-23.6%,"$38,552,293","70,530,000",100 Million,"$487,110,248"
GALA,GALA,$0.01906024,-0.6%,-8.5%,-16.5%,-29.3%,"$644,806,250","25,406,986,080",25.4 Billion,"$484,257,729"
CETH,cETH,$33.94,-0.1%,-6.0%,-8.8%,-11.6%,"$3,601","14,024,980",14 Million,"$476,057,243"
PAXG,PAX Gold,"$1,893.26",0.0%,0.0%,-1.3%,-2.5%,"$15,805,684","248,754",249 Thousand,"$470,998,669"
KCS,KuCoin,$4.84,-0.2%,-8.4%,-13.2%,-21.2%,"$3,302,736","96,732,986",144 Million,"$468,549,118"
XAUT,Tether Gold,"$1,897.10",0.1%,0.0%,-1.2%,-4.2%,"$13,316,072","246,524",247 Thousand,"$467,249,226"
FLOW,Flow,$0.448727,0.0%,-8.7%,-19.7%,-31.7%,"$17,771,805","1,036,200,000",1.45 Billion,"$464,082,181"
XEC,eCash,$0.00002337,-0.3%,-8.5%,-19.7%,-26.5%,"$6,442,131","19,473,142,173,093",21 Trillion,"$454,658,372"
PEPE,Pepe,$0.00000108,-0.2%,-9.4%,-13.0%,-30.5%,"$161,109,850","420,690,000,000,000",421 Trillion,"$453,416,295"
KLAY,Klaytn,$0.139779,0.1%,-4.6%,-10.5%,-20.0%,"$13,574,538","3,194,641,024",∞,"$446,561,831"
CHZ,Chiliz,$0.063726,0.2%,-6.4%,-15.5%,-20.8%,"$62,822,367","6,975,647,158",8.89 Billion,"$444,529,187"
RUNE,THORChain,$1.47,-0.3%,0.7%,39.3%,47.3%,"$39,354,738","300,700,561",500 Million,"$444,396,940"
FXS,Frax Share,$5.95,0.3%,-6.6%,-2.5%,-4.3%,"$46,262,434","72,836,835",99.7 Million,"$428,567,697"
CRV,Curve DAO,$0.500627,0.3%,-8.2%,-17.8%,-36.7%,"$109,359,369","853,205,677",2 Billion,"$425,817,259"
FRXETH,Frax Ether,"$1,689.16",-0.1%,-6.0%,-8.7%,-11.5%,"$7,652,524","251,614",252 Thousand,"$424,798,934"
BTT,BitTorrent,$0.000000428152,-0.1%,-3.7%,-7.9%,-10.4%,"$21,797,701","951,421,714,286,000",990 Trillion,"$407,247,775"
TKX,Tokenize Xchange,$5.04,1.3%,-6.8%,-12.1%,-15.9%,"$7,389,734","79,996,000",100 Million,"$403,394,648"
CSPR,Casper Network,$0.03566348,-0.7%,-2.9%,-7.2%,-2.0%,"$5,872,279","11,254,088,317",11.9 Billion,"$401,123,136"
MIOTA,IOTA,$0.144589,-0.2%,-7.5%,-15.8%,-22.4%,"$9,014,123","2,779,530,283",2.78 Billion,"$400,828,125"
HT,Huobi,$2.40,0.0%,-3.9%,-7.6%,-12.1%,"$6,253,717","159,406,077",201 Million,"$383,157,122"
MINA,Mina Protocol,$0.401213,-0.2%,-8.2%,-13.1%,-13.3%,"$14,018,640","952,668,326",1.06 Billion,"$382,268,328"
LUNC,Terra Luna Classic,$0.00006225,0.8%,-7.1%,-19.9%,-30.2%,"$39,866,354","5,816,094,495,489",6.84 Trillion,"$358,775,625"
TWT,Trust Wallet,$0.852518,0.3%,-1.1%,-5.9%,1.5%,"$10,643,563","416,649,900",1 Billion,"$355,393,799"
SUI,Sui,$0.474141,0.6%,-10.3%,-22.2%,-37.5%,"$109,291,401","723,162,190",10 Billion,"$341,930,520"
DYDX,dYdX,$1.92,0.8%,-4.5%,-12.2%,-6.7%,"$72,582,472","173,021,148",1 Billion,"$332,335,510"
NEXO,NEXO,$0.588424,-1.5%,-7.8%,-9.2%,-7.2%,"$4,167,735","560,000,010",1 Billion,"$330,340,002"
GMX,GMX,$36.82,1.2%,-7.6%,-20.8%,-33.9%,"$39,306,272","8,954,938",8.95 Million,"$328,255,919"
NXM,Nexus Mutual,$48.25,,-5.7%,-8.3%,-10.2%,"$13,063","6,759,101",6.76 Million,"$326,138,806"
AR,Arweave,$4.78,-0.3%,-2.9%,-4.4%,-17.2%,"$15,309,195","65,454,186",65.5 Million,"$315,923,753"
NFT,APENFT,$0.000000308745,-0.4%,-1.5%,-5.6%,-10.1%,"$17,228,126","990,105,683,025,577",1 Quadrillion,"$305,542,536"
DASH,Dash,$26.15,0.4%,-8.5%,-19.4%,-19.8%,"$48,667,975","11,412,951",18.9 Million,"$297,255,170"
SFRXETH,Staked Frax Ether,"$1,780.35",0.2%,-5.9%,-8.6%,-11.2%,"$192,647","164,365",164 Thousand,"$292,594,221"
SEI,Sei,$0.158292,-4.4%,-25.5%,,,"$474,299,786","1,800,000,000",10 Billion,"$290,847,171"
CAKE,PancakeSwap,$1.34,-0.5%,-5.5%,-9.4%,-12.2%,"$33,587,141","214,741,593",391 Million,"$286,745,376"
FLR,Flare,$0.01253337,-0.6%,-8.2%,-18.4%,-8.3%,"$11,008,843","22,658,991,684",101 Billion,"$283,039,889"
COMP,Compound,$41.48,1.2%,-11.8%,-25.2%,-42.1%,"$81,504,397","6,856,086",10 Million,"$282,220,098"
WOO,WOO Network,$0.161780,0.0%,-6.3%,-14.2%,-25.2%,"$15,693,354","1,733,693,919",2.25 Billion,"$280,037,715"
ZIL,Zilliqa,$0.01648189,-0.4%,-7.7%,-17.7%,-24.9%,"$26,055,462","16,882,828,637",17.9 Billion,"$277,728,211"
CFX,Conflux,$0.131678,-1.8%,-17.4%,-25.7%,-29.2%,"$58,330,227","2,097,547,687",5.28 Billion,"$275,145,763"
OSMO,Osmosis,$0.448645,1.5%,5.1%,-1.3%,-13.0%,"$74,359,498","611,121,413",325 Million,"$274,840,927"
MX,MX,$2.63,-1.2%,-2.9%,-6.7%,-5.7%,"$786,559","100,709,834",434 Million,"$264,929,992"
GNO,Gnosis,$101.49,0.1%,-4.9%,-8.9%,-14.2%,"$1,716,271","2,589,589",3 Million,"$262,544,540"
AKT,Akash Network,$1.21,1.7%,-0.6%,17.0%,117.8%,"$3,704,237","217,045,115",217 Million,"$261,737,884"
OX,Open Exchange Token,$0.068802,-0.7%,11.7%,-6.4%,68.1%,"$5,067,381","3,791,408,188",3.79 Billion,"$260,656,210"
HBTC,Huobi BTC,"$26,575.62",-,-,-,-,-,"8,969",8.97 Thousand,"$238,369,937"
BONE,Bone ShibaSwap,$1.13,0.4%,-10.2%,-30.7%,-8.4%,"$20,940,786","229,922,965",230 Million,"$259,205,755"
ILV,Illuvium,$45.38,-0.4%,-7.2%,-8.1%,11.0%,"$11,485,227","5,677,011",9.62 Million,"$257,324,344"
HNT,Helium,$1.78,0.5%,-4.0%,-10.6%,12.2%,"$2,307,353","143,934,821",223 Million,"$256,048,798"
BAT,Basic Attention,$0.168119,0.4%,-9.7%,-24.3%,-16.4%,"$23,275,451","1,489,950,992",1.5 Billion,"$249,835,588"
ASTR,Astar,$0.053297,1.3%,-2.9%,-3.1%,24.0%,"$30,220,709","4,709,200,882",8.09 Billion,"$249,546,352"
OKT,OKT Chain,$13.62,-1.2%,-5.7%,-11.3%,-7.9%,"$1,055,780","17,847,480",17.8 Million,"$243,093,099"
1INCH,1inch,$0.235247,-1.0%,-11.2%,-23.7%,-34.8%,"$36,293,573","1,029,312,110",1.5 Billion,"$241,658,863"
ENJ,Enjin Coin,$0.240770,0.4%,-8.7%,-17.1%,-23.4%,"$24,555,164","1,000,000,000",1 Billion,"$240,231,211"
XCH,Chia,$29.25,-0.2%,-3.3%,-6.1%,-14.2%,"$8,410,373","8,205,607",29.2 Million,"$239,343,569"
BTG,Bitcoin Gold,$13.45,-1.1%,-5.6%,-12.4%,-6.7%,"$8,384,748","17,513,924",21 Million,"$235,199,822"
ELG,Escoin,$2.75,0.1%,-3.2%,-2.4%,-4.6%,"$455,100",0,250 Million,"$168,540,402"
LRC,Loopring,$0.183198,-0.0%,-9.3%,-17.5%,-20.8%,"$23,119,786","1,245,991,469",1.37 Billion,"$228,132,211"
EURT,Euro Tether,$1.09,0.1%,0.2%,-1.1%,-3.1%,"$5,285,460","205,998,830",400 Million,"$224,817,833"
CVX,Convex Finance,$2.82,0.1%,-8.6%,-13.7%,-27.7%,"$11,458,123","79,767,506",98.8 Million,"$223,806,518"
QTUM,Qtum,$2.10,-0.5%,-9.7%,-20.0%,-23.1%,"$28,363,944","104,784,742",108 Million,"$219,803,041"
XEM,NEM,$0.02434486,0.1%,-7.3%,-18.7%,-17.2%,"$6,870,700","8,999,999,999",9 Billion,"$219,154,982"
MASK,Mask Network,$2.62,0.0%,-13.3%,-25.0%,-29.8%,"$64,050,926","82,112,500",100 Million,"$214,201,294"
CELO,Celo,$0.418481,-0.1%,-8.5%,-17.6%,-19.7%,"$10,930,415","508,448,178",1 Billion,"$212,306,328"
AGIX,SingularityNET,$0.172400,-0.3%,-11.6%,-18.2%,-27.9%,"$34,548,657","1,227,214,306",1.31 Billion,"$210,748,636"
ROSE,Oasis Network,$0.04121312,0.3%,-4.0%,-12.5%,-18.4%,"$23,718,219","5,029,357,184",10 Billion,"$207,263,788"
ENS,Ethereum Name Service,$8.01,-0.3%,-3.5%,-12.6%,-19.5%,"$15,653,133","25,783,233",100 Million,"$206,566,983"
ZEC,Zcash,$24.72,0.3%,-7.9%,-16.0%,-21.6%,"$26,217,499","8,272,302",21 Million,"$203,946,866"
OMI,ECOMI,$0.00075270,-0.6%,-2.9%,7.1%,27.6%,"$1,172,127","270,771,162,401",311 Billion,"$203,684,441"
TFUEL,Theta Fuel,$0.03246308,0.1%,-8.8%,-19.3%,-18.2%,"$3,062,541","6,248,223,228",6.25 Billion,"$202,584,870"
AZERO,Aleph Zero,$0.847172,-0.1%,2.7%,-7.8%,-6.1%,"$1,055,523","238,184,130",339 Million,"$201,761,008"
CDAI,cDAI,$0.02241047,0.1%,0.4%,0.3%,0.4%,"$14,102","8,926,342,526",8.93 Billion,"$200,043,498"
DCR,Decred,$12.85,0.2%,-4.7%,-12.7%,-12.6%,"$616,138","15,418,839",21 Million,"$198,205,615"
FET,Fetch.ai,$0.187691,0.0%,-5.2%,-6.8%,-18.2%,"$53,368,884","1,043,462,805",1.15 Billion,"$194,797,752"
BDX,Beldex,$0.03479088,-0.2%,-2.5%,-5.2%,-19.6%,"$3,075,629","5,582,602,191",9.92 Billion,"$194,253,549"
HOT,Holo,$0.00109379,1.0%,-7.4%,-15.8%,-18.3%,"$12,634,508","177,619,433,541",178 Billion,"$193,937,802"
ANKR,Ankr Network,$0.01936786,0.8%,-9.4%,-20.2%,-22.9%,"$22,960,354","10,000,000,000",10 Billion,"$192,334,937"
OHM,Olympus,$10.67,0.5%,-0.1%,0.1%,0.2%,"$1,607,106","17,925,023",26.6 Million,"$192,301,303"
RVN,Ravencoin,$0.01570590,-0.0%,-6.7%,-12.3%,-18.9%,"$6,398,114","11,907,968,089",11.9 Billion,"$186,555,386"
UNIBOT,Unibot,$186.30,1.5%,4.1%,0.8%,171.2%,"$11,697,503","1,000,000",1 Million,"$186,370,961"
KSM,Kusama,$20.80,0.1%,-6.4%,-8.7%,-14.9%,"$19,472,355","8,980,098",10 Million,"$186,373,657"
LPT,Livepeer,$6.37,-0.9%,-3.5%,33.1%,51.5%,"$57,537,998","28,733,303",28.7 Million,"$183,577,389"
RBN,Ribbon Finance,$0.236024,-0.2%,-1.1%,5.8%,23.0%,"$364,618","768,243,592",1 Billion,"$181,542,270"
DFI,DeFiChain,$0.244507,0.3%,-6.0%,-13.2%,-26.6%,"$4,593,734","737,229,035",1.2 Billion,"$180,297,985"
FLOKI,FLOKI,$0.00001813,-0.9%,-14.6%,-18.8%,-25.0%,"$20,166,471","9,944,737,703,288",10 Trillion,"$179,910,540"
GFARM2,Gains Farm,"$4,509.62",-,-,-,-,-,"35,834",35.8 Thousand,"$161,597,113"
YFI,yearn.finance,"$5,429.78",0.3%,-5.1%,-14.5%,-21.9%,"$33,404,777","33,044",36.7 Thousand,"$179,012,572"
JST,JUST,$0.01997609,-0.1%,-4.6%,-12.1%,-14.0%,"$21,791,271","8,902,080,000",9.9 Billion,"$177,787,417"
GMT,STEPN,$0.162076,0.6%,-10.0%,-20.6%,-33.4%,"$40,220,192","1,096,247,740",5.44 Billion,"$176,888,960"
BLUR,Blur,$0.208342,1.8%,-16.4%,-26.9%,-37.6%,"$43,823,137","851,679,137",3 Billion,"$175,695,980"
ANT,Aragon,$4.35,1.0%,2.5%,-3.6%,6.7%,"$23,878,061","40,030,814",43.2 Million,"$173,613,167"
BITCOIN,HarryPotterObamaSonic10Inu (ETH),$0.167251,-5.8%,5.3%,61.1%,167.0%,"$16,049,070","999,798,155",1 Billion,"$173,044,343"
WEMIX,WEMIX,$0.540467,-0.4%,-9.7%,-14.0%,-18.5%,"$3,655,601","313,542,709",971 Million,"$169,439,530"
WLD,Worldcoin,$1.36,0.9%,-10.9%,-18.9%,,"$61,402,113","126,395,189",10 Billion,"$169,225,753"
SFP,SafePal,$0.456863,0.1%,-1.0%,1.3%,1.9%,"$13,049,992","369,791,669",500 Million,"$168,591,906"
AUDIO,Audius,$0.152611,-0.3%,-10.7%,-19.0%,-19.8%,"$15,746,544","1,106,620,023",1.18 Billion,"$167,951,257"
FNSA,FINSCHIA,$23.78,0.6%,-5.9%,-13.7%,-24.1%,"$894,800","7,079,772",7.08 Million,"$167,073,490"
GLM,Golem,$0.167027,0.1%,-6.8%,-26.3%,-17.2%,"$5,612,369","1,000,000,000",1 Billion,"$166,913,078"
BTSE,BTSE Token,$1.02,1.7%,-7.2%,-7.2%,-7.2%,"$19,307","162,061,501",200 Million,"$165,798,488"
BABYDOGE,Baby Doge Coin,$0.000000001062,1.7%,-4.0%,-9.4%,-15.0%,"$1,209,047","156,124,856,092,293,492",420 Quadrillion,"$164,680,083"
ICX,ICON,$0.168677,-0.5%,-8.3%,-20.1%,-28.0%,"$4,445,746","965,117,071",976 Million,"$162,580,951"
TOMI,tomiNet,$2.16,4.4%,12.0%,-29.2%,-44.3%,"$21,627,348","74,560,384",116 Million,"$160,371,569"
JASMY,JasmyCoin,$0.00328471,0.3%,-7.8%,-16.6%,-16.6%,"$38,924,409","48,419,999,999",50 Billion,"$158,546,217"
BAL,Balancer,$3.72,-0.2%,-6.9%,-11.8%,-21.6%,"$8,511,389","42,633,413",58.6 Million,"$158,111,868"
RON,Ronin,$0.613084,-1.0%,-1.9%,-12.2%,-13.1%,"$4,675,286","245,256,981",1 Billion,"$150,271,244"
LUNA,Terra,$0.428728,0.6%,-10.9%,-23.8%,-32.9%,"$48,047,579","350,718,721",1.08 Billion,"$149,732,824"
ETHW,EthereumPoW,$1.39,0.2%,-9.8%,-17.5%,-25.9%,"$5,419,372","107,818,943",108 Million,"$149,277,408"
QTCON,Quiztok,$0.02331872,-0.5%,46.2%,434.9%,609.6%,"$141,323,089","6,331,548,893",12 Billion,"$146,841,557"
WAVES,Waves,$1.47,-0.5%,-11.2%,-24.3%,-25.5%,"$47,449,707","100,000,000",100 Million,"$146,116,156"
SXP,SXP,$0.253428,0.3%,-11.2%,-23.2%,-31.4%,"$19,350,648","574,663,920",575 Million,"$144,845,258"
DAO,DAO Maker,$0.760541,0.2%,-1.6%,-7.7%,-6.9%,"$1,030,914","189,748,000",278 Million,"$144,230,799"
GLMR,Moonbeam,$0.200167,0.1%,-2.8%,-14.8%,-16.7%,"$3,813,107","712,694,763",1.08 Billion,"$142,957,952"
ONT,Ontology,$0.160399,0.4%,-10.0%,-14.7%,-20.0%,"$11,873,004","891,582,857",1 Billion,"$142,170,692"
MSOL,Marinade staked SOL,$24.65,-0.3%,-6.0%,-11.8%,-16.8%,"$3,808,466","5,718,881",5.72 Million,"$140,961,589"
SC,Siacoin,$0.00277435,-0.0%,-5.7%,-21.1%,-18.1%,"$4,560,531","51,477,015,000",-,"$140,645,393"
SETH2,sETH2,"$1,679.11",-0.7%,-6.0%,-9.3%,-11.5%,"$28,636","83,334",83.3 Thousand,"$139,838,398"
TOMO,TomoChain,$1.43,-1.0%,0.8%,4.5%,16.1%,"$27,106,291","96,834,611",100 Million,"$139,240,013"
AXL,Axelar,$0.379923,1.5%,1.0%,-2.5%,6.1%,"$12,221,449","365,515,789",1.09 Billion,"$138,750,606"
KRD,Krypton DAO,$1.35,3.6%,2.1%,-0.2%,-2.6%,"$2,887","102,457,125",10 Billion,"$138,226,995"
EURS,STASIS EURO,$1.09,0.0%,0.3%,-1.1%,-2.8%,"$8,066,220","124,125,940",124 Million,"$135,175,209"
WAXP,WAX,$0.04022395,0.2%,-7.5%,-18.6%,-22.9%,"$1,553,399","3,340,221,345",3.77 Billion,"$134,250,654"
MAGIC,Magic,$0.598002,-0.4%,-10.8%,-21.4%,-24.1%,"$27,144,909","222,569,763",340 Million,"$132,965,437"
IOST,IOST,$0.00707858,0.0%,-7.8%,-16.9%,-21.0%,"$7,685,136","18,708,894,189",18.7 Billion,"$131,687,810"
IOTX,IoTeX,$0.01396740,-1.0%,-13.1%,-17.7%,-30.8%,"$10,087,250","9,445,158,642",9.5 Billion,"$131,528,507"
BICO,Biconomy,$0.210826,-0.7%,-6.8%,-12.6%,-12.1%,"$3,138,644","624,610,465",1 Billion,"$131,438,046"
CHSB,SwissBorg,$0.137820,-0.5%,-6.8%,2.8%,-3.8%,"$6,932,226","951,754,603",1 Billion,"$131,139,174"
BAND,Band Protocol,$0.984842,-0.7%,-5.8%,-17.0%,-19.1%,"$11,470,756","133,064,694",137 Million,"$130,414,276"
OCEAN,Ocean Protocol,$0.295629,0.7%,-6.7%,-14.2%,-25.5%,"$21,657,288","434,026,837",1.41 Billion,"$127,808,390"
TRIBE,Tribe,$0.274783,0.5%,-3.7%,-7.8%,-0.6%,"$22,727","455,015,531",1 Billion,"$127,596,196"
ELF,aelf,$0.274077,-0.3%,-9.0%,-6.1%,-3.4%,"$7,051,279","461,329,999",880 Million,"$126,465,010"
GLR,GalleryCoin,$0.523741,-0.2%,1.2%,14.0%,43.4%,"$105,931","240,913,990",2 Billion,"$126,084,323"
MC,Merit Circle,$0.272774,-2.2%,-10.7%,1.4%,41.9%,"$13,301,507","458,315,739",632 Million,"$125,009,496"
GNS,Gains Network,$4.02,0.2%,-8.5%,-17.1%,-7.7%,"$9,256,311","30,314,973",30.3 Million,"$121,496,025"
WBETH,Wrapped Beacon ETH,"$1,712.31",-0.1%,-6.2%,-8.8%,-11.3%,"$304,517","70,938",70.9 Thousand,"$121,462,771"
BTC.B,Bitcoin Avalanche Bridged (BTC.b),"$26,666.61",-0.2%,-6.8%,-9.2%,-11.4%,"$6,108,169","4,552",4.55 Thousand,"$121,246,599"
BORA,BORA,$0.120567,-1.9%,-8.2%,-15.5%,-20.6%,"$4,078,492","993,750,000",1.21 Billion,"$120,414,947"
ONE,Harmony,$0.00977226,-0.5%,-6.4%,-15.6%,-22.1%,"$16,881,806","12,305,426,115",13.2 Billion,"$119,681,148"
AMP,Amp,$0.00212258,0.3%,-2.2%,-14.8%,2.9%,"$5,678,582","56,127,938,240",99.4 Billion,"$119,200,352"
USTC,TerraClassicUSD,$0.01206385,0.3%,-9.1%,-20.4%,-25.3%,"$6,923,265","9,789,824,568",9.8 Billion,"$117,987,516"
KUB,Bitkub Coin,$1.30,0.2%,-4.2%,-4.0%,-9.4%,"$601,346","88,850,000",110 Million,"$115,732,031"
CORE,Core,$0.730253,-0.9%,-7.4%,-17.3%,-21.5%,"$13,159,891","153,974,889",2.1 Billion,"$112,719,541"
SUSHI,Sushi,$0.586892,-1.7%,-13.6%,-18.0%,-20.5%,"$38,187,641","192,789,256",250 Million,"$112,559,429"
DGB,DigiByte,$0.00681412,0.1%,-6.0%,-15.1%,-15.4%,"$3,519,308","16,440,214,440",21 Billion,"$112,204,166"
STG,Stargate Finance,$0.537562,-0.8%,-8.0%,-12.0%,-16.3%,"$32,021,461","204,348,516",1 Billion,"$109,415,747"
POLY,Polymath,$0.121396,0.3%,-3.7%,-12.0%,-11.0%,"$90,403","898,550,830",1 Billion,"$109,007,938"
EWT,Energy Web,$2.25,2.0%,-0.5%,-8.5%,-15.0%,"$1,219,646","47,307,375",69 Million,"$106,022,397"
SSV,SSV Network,$14.96,-0.8%,-6.8%,-15.4%,-19.3%,"$10,030,206","7,085,673",11.1 Million,"$105,920,942"
KDA,Kadena,$0.436911,-0.0%,-6.9%,-17.0%,-28.8%,"$4,095,564","242,793,695",1 Billion,"$105,919,384"
HIVE,Hive,$0.282421,-0.6%,-7.5%,-18.7%,-20.0%,"$1,070,789","371,261,454",∞,"$104,846,624"
CDT,Blox,$0.154960,-1.3%,3.9%,-19.1%,10.2%,"$137,757","674,579,184",1 Billion,"$104,532,488"
LSK,Lisk,$0.714364,0.1%,-4.7%,-15.1%,-16.2%,"$3,493,562","144,818,773",-,"$103,370,966"
NU,NuCypher,$0.063588,-,-,-,-,-,"1,301,490,046",3.89 Billion,"$91,051,461"
UMA,UMA,$1.39,-0.4%,-6.5%,-15.0%,-12.7%,"$4,410,342","73,366,885",115 Million,"$102,048,188"
FLUX,Flux,$0.322662,-0.1%,-10.7%,-23.6%,-23.4%,"$9,172,651","316,488,585",440 Million,"$101,910,057"
DAG,Constellation,$0.03549902,-1.2%,-1.6%,-3.6%,-10.0%,"$416,522","2,886,542,495",3.55 Billion,"$101,711,840"
SKL,SKALE,$0.02174960,0.8%,-9.9%,-21.6%,-25.3%,"$11,920,205","4,673,852,671",5.11 Billion,"$101,337,076"
ZEN,Horizen,$7.22,0.7%,-7.4%,-16.2%,-11.7%,"$9,380,828","14,023,681",14 Million,"$100,606,044"
CET,CoinEx,$0.03331072,1.0%,-2.2%,2.0%,-10.2%,"$369,120","2,977,814,711",201 Million,"$98,861,871"
MURA,Murasaki,$1.71,-1.7%,-1.8%,1.6%,-8.7%,"$3,638","57,400,000",1 Billion,"$97,982,543"
KNC,Kyber Network Crystal,$0.539924,1.5%,-12.4%,-15.5%,-9.5%,"$20,777,332","181,672,720",228 Million,"$97,650,447"
LYXE,LUKSO [OLD],$6.28,-1.5%,-7.2%,-8.1%,-21.3%,"$500,495","15,575,916",100 Million,"$97,552,732"
EVER,Everscale,$0.053111,-0.1%,-2.4%,-9.4%,-9.3%,"$3,604,322","1,801,908,306",2.09 Billion,"$95,870,519"
STSOL,Lido Staked SOL,$24.53,-0.2%,-6.0%,-11.8%,-16.5%,"$2,440,426","3,900,412",3.9 Million,"$95,501,912"
PLA,PlayDapp,$0.170101,-3.3%,-9.1%,-9.2%,-1.2%,"$7,617,656","560,128,667",700 Million,"$95,202,056"
HXRO,HXRO,$0.152875,0.2%,1.6%,-6.2%,-12.7%,"$1,215","610,385,617",1 Billion,"$93,308,913"
DESO,Decentralized Social,$8.83,-0.8%,-1.8%,-0.9%,-2.2%,"$3,093,228","10,532,254",10.8 Million,"$93,094,601"
KUJI,Kujira,$0.792704,0.9%,-3.2%,-8.2%,-1.2%,"$504,052","115,935,082",122 Million,"$91,947,539"
SYN,Synapse,$0.481732,-0.5%,-7.8%,-14.3%,-33.1%,"$5,940,078","190,117,589",185 Million,"$91,438,876"
BLD,Agoric,$0.153491,2.3%,-2.4%,17.7%,40.1%,"$267,324","593,427,870",1.05 Billion,"$90,913,297"
CTSI,Cartesi,$0.122111,0.6%,-10.0%,-18.1%,-20.9%,"$7,114,959","743,544,691",1 Billion,"$90,264,698"
CKB,Nervos Network,$0.00269299,-1.1%,-6.9%,-12.2%,-4.3%,"$3,801,429","33,340,636,263",∞,"$89,949,021"
POLYX,Polymesh,$0.105211,0.0%,-7.3%,-18.8%,-23.7%,"$2,998,130","844,737,715",845 Million,"$88,652,951"
ULT,Shardus,$0.200779,-0.3%,-7.2%,-9.9%,50.7%,$364,"439,556,760",1 Billion,"$88,253,570"
WCFG,Wrapped Centrifuge,$0.243945,-1.6%,-3.6%,-20.3%,-22.5%,"$145,053","360,263,043",-,"$88,039,585"
MRS,Metars Genesis,$1.41,-0.2%,-6.8%,-9.5%,-11.3%,"$54,913","62,850,000",1 Billion,"$87,969,489"
CFG,Centrifuge,$0.243236,-1.4%,-3.4%,-20.7%,-22.6%,"$527,547","360,263,043",447 Million,"$87,522,883"
RSR,Reserve Rights,$0.00171408,-1.5%,-14.9%,-19.2%,-21.3%,"$19,275,610","50,600,000,000",100 Billion,"$87,451,479"
QANX,QANplatform,$0.03814854,0.2%,-0.8%,32.3%,96.4%,"$644,333","2,267,255,629",3.33 Billion,"$86,456,398"
SNT,Status,$0.02135211,-0.0%,-6.3%,-17.7%,-17.3%,"$2,244,813","3,960,483,788",6.8 Billion,"$84,561,650"
PUNDIX,Pundi X,$0.324099,-0.9%,-6.4%,-15.7%,-19.7%,"$2,459,874","258,428,346",258 Million,"$84,441,132"
ERG,Ergo,$1.16,-0.5%,-2.3%,-2.8%,-1.4%,"$347,068","72,618,453",97.7 Million,"$84,374,667"
SFM,SafeMoon,$0.00015029,2.8%,3.3%,-3.0%,-14.2%,"$1,167,608","558,716,764,108",1 Trillion,"$84,068,167"
TRAC,OriginTrail,$0.217907,-0.4%,-7.0%,-7.7%,-15.1%,"$996,996","382,798,499",500 Million,"$83,855,424"
VVS,VVS Finance,$0.00000225,-0.5%,-4.2%,-9.6%,-16.1%,"$509,230","37,017,211,027,520",74.2 Trillion,"$83,321,605"
ORDI,ORDI,$3.94,0.3%,-21.6%,-29.8%,-46.6%,"$22,037,312","21,000,000",21 Million,"$83,047,185"
FX,Function X,$0.128731,0.1%,-5.8%,-12.9%,-13.2%,"$759,730","638,899,630",639 Million,"$82,256,912"
JOE,JOE,$0.240550,0.0%,-7.9%,-18.6%,-32.1%,"$6,638,626","341,459,396",476 Million,"$81,855,252"
MLK,MiL.k Alliance,$0.268934,-1.0%,-7.0%,-16.1%,-22.0%,"$4,597,115","303,710,477",986 Million,"$81,812,926"
EDU,Open Campus,$0.436273,0.8%,-15.4%,-26.6%,-33.7%,"$15,474,017","187,395,833",1 Billion,"$81,544,740"
API3,API3,$0.951097,0.8%,-13.0%,-11.2%,-12.4%,"$12,342,853","86,423,160",126 Million,"$81,425,185"
DEXE,DeXe,$2.22,1.4%,2.2%,-0.9%,-4.8%,"$2,605,149","36,499,816",96.5 Million,"$80,883,840"
TEL,Telcoin,$0.00113898,0.0%,-1.7%,-11.9%,-25.4%,"$881,746","70,681,972,844",100 Billion,"$80,235,792"
PYR,Vulcan Forged,$3.34,1.4%,5.7%,6.7%,2.4%,"$8,525,165","23,897,700",50 Million,"$79,927,428"
EXRD,e-Radix,$0.052805,-0.2%,-7.5%,0.9%,-11.2%,"$488,695","1,512,741,582",1.51 Billion,"$79,879,123"
KAG,Kinesis Silver,$22.98,-0.0%,2.2%,0.1%,-8.7%,"$119,558","3,416,620",∞,"$78,478,700"
HEZ,Hermez Network,$4.67,0.2%,-1.0%,1.7%,-8.7%,"$54,466","16,706,072",19 Million,"$77,958,544"
KAU,Kinesis Gold,$61.07,0.0%,0.2%,-1.1%,-4.1%,"$66,284","1,275,075",∞,"$77,822,573"
NRV,Nerve Finance,$0.00348678,1.3%,1.2%,-3.7%,7.9%,"$15,998",0,136 Million,"$44,206,960"
BRISE,Bitgert,$0.000000195286,-0.1%,-3.4%,-14.1%,-24.6%,"$1,872,020","395,688,215,721,653",427 Trillion,"$77,117,763"
SURE,inSure DeFi,$0.00290947,-0.2%,-8.2%,-11.5%,-20.3%,"$13,791","26,463,784,397",88 Billion,"$77,037,538"
SWETH,Swell Ethereum,"$1,731.35",-0.1%,-6.0%,-8.7%,-11.6%,"$709,300","44,428",44.4 Thousand,"$76,907,925"
PRIME,Echelon Prime,$3.38,-2.4%,17.2%,39.3%,104.6%,"$5,493,328","22,738,698",111 Million,"$76,659,829"
XNO,Nano,$0.574818,-0.1%,-4.2%,-13.0%,-18.0%,"$1,319,773","133,248,290",133 Million,"$76,659,240"
DKA,dKargo,$0.02502638,0.1%,-6.6%,-21.1%,-19.1%,"$1,943,530","3,059,166,667",5 Billion,"$76,523,660"
EMAID,MaidSafeCoin,$0.180292,-0.6%,1.3%,3.7%,-8.7%,"$5,467",0,2.3 Million,"$67,872,533"
DEL,Decimal,$0.01609830,-0.0%,-1.8%,0.7%,-25.1%,"$1,371","4,724,557,143",4.72 Billion,"$76,015,901"
NYM,Nym,$0.142209,0.2%,-6.5%,-14.8%,-24.0%,"$939,212","528,446,257",1 Billion,"$75,123,155"
W$C,World$tateCoin,$0.080701,0.4%,-1.0%,-1.1%,3.2%,"$792,257","927,612,548",995 Million,"$74,855,982"
OETH,Origin Ether,"$1,690.94",-0.1%,-5.9%,-8.6%,-11.5%,"$3,793,615","44,222",44.2 Thousand,"$74,730,337"
STPT,STP,$0.03850646,0.3%,-6.0%,-18.8%,-10.2%,"$1,406,780","1,942,420,283",1.94 Billion,"$74,595,762"
RLC,iExec RLC,$1.03,-0.0%,-8.2%,-17.8%,-15.4%,"$7,311,125","72,382,548",87 Million,"$74,593,112"
SAVAX,BENQI Liquid Staked AVAX,$11.73,-0.2%,-6.2%,-14.2%,-23.6%,"$350,798","6,361,971",6.36 Million,"$74,505,741"
LQTY,Liquity,$0.793888,-0.1%,-9.2%,-22.1%,-31.3%,"$18,643,854","93,049,336",100 Million,"$73,762,197"
C98,Coin98,$0.132081,-0.6%,-10.4%,-15.3%,-11.5%,"$18,161,203","553,333,323",1 Billion,"$73,205,749"
IQ,IQ,$0.00440542,-2.2%,-3.5%,-16.9%,-9.1%,"$1,046,510","16,394,993,053",16.4 Billion,"$72,267,895"
RDNT,Radiant Capital,$0.244823,-0.3%,-8.3%,-13.8%,-14.6%,"$32,536,372","294,992,353",1 Billion,"$72,197,842"
MTL,Metal DAO,$1.11,0.9%,-4.3%,-16.1%,-20.1%,"$37,667,929","64,633,864",66.6 Million,"$71,695,465"
STRD,Stride,$0.822633,1.5%,2.4%,-2.7%,-18.1%,"$223,920","86,883,961",86.9 Million,"$71,581,087"
WNXM,Wrapped NXM,$29.87,1.2%,-2.7%,-4.3%,-0.5%,"$2,016,034","2,384,116",2.38 Million,"$71,253,318"
ASTRAFER,Astrafer,$0.443255,-2.4%,-8.1%,-12.9%,-27.7%,"$21,947","156,553,961",888 Million,"$71,247,543"
NMR,Numeraire,$11.28,0.7%,-6.9%,-13.4%,-15.1%,"$3,817,363","6,277,410",10.8 Million,"$70,475,762"
DOCK,Dock,$0.01393342,0.3%,-2.8%,-6.6%,-16.3%,"$442,443",0,1 Billion,"$41,561,477"
ELON,Dogelon Mars,$0.000000127821,1.2%,-6.4%,-15.2%,-18.1%,"$11,193,697","549,649,971,723,242",1 Quadrillion,"$70,297,409"
STEEM,Steem,$0.158053,-0.9%,-4.0%,-14.3%,-14.7%,"$1,264,829","441,566,168",∞,"$69,834,792"
UW3S,Utility Web3Shot,$0.132644,-0.0%,-7.1%,-10.2%,-11.5%,"$345,835","526,600,000",10 Billion,"$69,824,336"
ACH,Alchemy Pay,$0.01409491,2.5%,-9.4%,-16.7%,-24.1%,"$11,792,337","4,943,691,067",10 Billion,"$69,644,751"
PROM,Prom,$3.82,0.9%,-2.6%,-7.3%,-3.6%,"$1,198,952","18,250,000",19.3 Million,"$69,566,125"
SHR,Share,$0.00136078,-0.1%,-2.2%,-10.5%,-20.0%,"$53,359",0,4.4 Billion,"$39,132,688"
ACS,Access Protocol,$0.00226961,0.9%,-5.4%,13.5%,-15.2%,"$1,534,679","30,292,656,939",89.6 Billion,"$68,718,812"
PCX,ChainX,$0.084912,3.5%,-9.5%,-10.5%,-41.4%,"$364,995",0,21 Million,"$42,450,138"
ORBS,Orbs,$0.02125845,-0.3%,-5.5%,-18.1%,-18.6%,"$1,822,513","3,217,486,459",10 Billion,"$68,262,954"
WILD,Wilder World,$0.264666,-0.1%,-3.0%,-4.6%,-19.2%,"$684,388","254,186,363",500 Million,"$67,328,693"
MVL,MVL,$0.00285763,-1.1%,-6.9%,-21.5%,-14.8%,"$2,274,264","23,452,958,863",27.8 Billion,"$66,815,954"
SGB,Songbird,$0.00569916,-2.2%,-4.1%,-12.2%,-10.6%,"$653,090","11,684,707,899",17.5 Billion,"$66,628,436"
ALPHA,Stella,$0.082688,0.6%,-10.2%,-19.3%,-21.2%,"$3,783,222","798,000,000",1 Billion,"$65,906,221"
SDEX,SmarDex,$0.00957789,-0.6%,-2.8%,-6.2%,3.7%,"$912,406","6,819,711,879",10 Billion,"$65,649,242"
DODO,DODO,$0.104250,11.7%,-0.5%,-6.5%,6.7%,"$24,625,701","614,617,713",996 Million,"$65,607,897"
MED,Medibloc,$0.00958552,-0.8%,-6.1%,-22.0%,-20.7%,"$2,536,891","6,832,129,723",8.87 Billion,"$65,441,558"
LINA,Linear,$0.01175702,1.0%,-8.7%,-17.7%,-12.6%,"$17,823,852","5,521,470,045",10 Billion,"$64,894,874"
RAD,Radworks,$1.30,0.6%,-10.6%,-17.8%,-17.8%,"$8,363,420","49,829,111",100 Million,"$64,740,304"
CELR,Celer Network,$0.01140756,1.2%,-7.9%,-19.1%,-26.0%,"$6,752,401","5,645,454,936",10 Billion,"$64,445,764"
OMG,OMG Network,$0.459327,2.0%,-9.8%,-18.6%,-28.0%,"$22,552,136","140,245,398",140 Million,"$64,382,550"
SYS,Syscoin,$0.089574,-0.0%,-7.2%,-15.9%,-20.5%,"$1,462,056","717,728,953",747 Million,"$64,279,311"
RIF,RSK Infrastructure Framework,$0.065941,0.4%,-6.7%,-12.4%,-23.8%,"$587,312","973,360,001",1 Billion,"$64,205,155"
SCRT,Secret,$0.302597,0.3%,-5.3%,-6.8%,-16.4%,"$2,304,297","211,078,254",∞,"$63,876,655"
POND,Marlin,$0.00787330,0.7%,-3.6%,-6.5%,-2.5%,"$1,864,908","8,087,375,977",5.03 Billion,"$63,673,372"
DENT,Dent,$0.00066150,0.6%,-6.6%,-14.7%,-16.9%,"$5,592,908","95,654,960,453",100 Billion,"$63,094,082"
VTHO,VeThor,$0.00094419,0.5%,-6.0%,-12.2%,-18.0%,"$1,209,220","65,991,471,554",∞,"$62,280,464"
ARDR,Ardor,$0.060788,-0.5%,-5.5%,-18.7%,-17.3%,"$839,504","998,466,231",998 Million,"$61,263,638"
SLP,Smooth Love Potion,$0.00146800,1.4%,-2.9%,-14.3%,-11.6%,"$7,409,572","41,632,225,630",∞,"$60,985,183"
TON,Tokamak Network,$1.26,0.3%,-4.1%,-14.0%,-15.1%,"$1,821,741","48,117,794",50 Million,"$60,846,754"
STRAX,Stratis,$0.399688,0.4%,-6.0%,-13.8%,-16.1%,"$1,215,449","152,294,517",-,"$60,834,909"
AVINOC,AVINOC,$0.363911,-0.5%,-1.9%,-7.4%,-6.3%,"$80,456","167,018,564",1 Billion,"$60,757,186"
WIN,WINkLink,$0.00006216,-0.0%,-2.7%,-7.5%,-10.3%,"$18,670,236","961,737,300,000",999 Billion,"$59,693,919"
BNT,Bancor Network,$0.405445,1.0%,-11.3%,-34.4%,5.2%,"$2,614,138","146,101,860",146 Million,"$59,236,198"
XIDO,Xido Finance,$2.09,-0.2%,0.4%,-7.2%,-11.1%,"$8,375","28,314,464",100 Million,"$59,015,386"
ALI,Artificial Liquid Intelligence,$0.01628775,0.2%,-0.5%,-3.5%,-16.4%,"$325,374","3,588,163,660",10 Billion,"$58,449,328"
METIS,Metis,$13.31,-0.0%,-6.3%,-16.1%,-21.8%,"$2,002,356","4,354,321",5.41 Million,"$58,083,554"
XCAD,XCAD Network,$1.35,-0.0%,-6.3%,-2.2%,40.9%,"$2,438,359","42,821,728",199 Million,"$57,792,172"
CCD,Concordium,$0.00755489,-0.0%,-2.3%,-4.6%,-9.1%,"$425,116","7,635,135,252",12.3 Billion,"$57,748,657"
CVC,Civic,$0.071519,1.4%,-5.7%,-18.0%,-18.0%,"$3,574,688","802,000,010",1 Billion,"$57,300,547"
ANKRETH,Ankr Staked ETH,"$1,898.60",0.0%,-6.0%,-8.8%,-11.7%,"$336,616","30,207",30.2 Thousand,"$57,330,464"
ALICE,My Neighbor Alice,$0.734857,1.0%,-11.6%,-20.1%,-27.8%,"$20,112,691","77,828,571",100 Million,"$57,135,721"
COL,Clash of Lilliput,$0.695965,-0.1%,-6.7%,-9.4%,-11.2%,"$52,935","82,074,400",1 Billion,"$57,091,921"
ARKM,Arkham,$0.377771,2.0%,-1.3%,-9.3%,-44.6%,"$13,072,624","150,000,000",1 Billion,"$56,561,706"
NKN,NKN,$0.086768,0.5%,-9.3%,-13.9%,-9.3%,"$4,442,270","650,000,000",1 Billion,"$56,384,288"
POWR,Power Ledger,$0.130714,0.8%,-6.5%,-17.2%,-16.8%,"$3,268,284","429,712,892",1 Billion,"$56,157,773"
HUNT,Hunt,$0.279982,-1.2%,-8.7%,-19.8%,-16.5%,"$714,054","198,912,688",199 Million,"$55,769,369"
HFT,Hashflow,$0.316906,0.5%,-7.5%,-13.3%,-13.1%,"$14,550,083","175,229,156",1 Billion,"$55,477,302"
XVS,Venus,$3.64,1.0%,-10.1%,-16.5%,-19.6%,"$3,193,514","15,209,900",29.7 Million,"$55,362,151"
XVG,Verge,$0.00334873,0.9%,-9.5%,-21.7%,-44.6%,"$18,050,937","16,520,880,394",16.6 Billion,"$55,345,159"
CQT,Covalent,$0.090795,0.6%,-2.8%,-6.2%,-17.1%,"$995,478","607,920,038",1 Billion,"$55,200,557"
MATICX,Stader MaticX,$0.615334,-0.2%,-8.0%,-16.1%,-23.2%,"$243,764","89,280,836",89.3 Million,"$54,937,991"
BFC,Bifrost,$0.03942597,-1.8%,-4.2%,-10.0%,-10.7%,"$865,185","1,393,101,227",2.37 Billion,"$54,933,013"
UXP,UXD Protocol,$0.01383801,0.9%,-0.4%,-6.3%,51.6%,"$15,126","3,963,094,287",7 Billion,"$54,841,319"
STMX,StormX,$0.00495173,0.9%,-11.5%,-24.3%,-4.9%,"$16,045,785","11,000,000,000",12.5 Billion,"$54,669,481"
GEL,Gelato,$0.247146,0.0%,-5.0%,-3.7%,-9.7%,"$712,745","219,711,590",421 Million,"$54,330,022"
MAV,Maverick Protocol,$0.216502,4.4%,-6.3%,-23.0%,-36.4%,"$6,643,231","250,000,000",2 Billion,"$54,164,446"
FIDU,Fidu,$0.760551,-,-,-,-,-,"67,746,977",67.7 Million,"$51,525,024"
EUROC,Euro Coin,$1.09,0.8%,1.2%,-0.5%,-2.6%,"$2,121,837","49,394,055",49.4 Million,"$53,945,321"
ID,SPACE ID,$0.187231,0.4%,-13.0%,-29.0%,-29.6%,"$22,539,503","286,000,000",2 Billion,"$53,377,542"
TRYB,BiLira,$0.03590768,1.0%,0.5%,-0.9%,-0.8%,"$49,546","1,486,360,982",1.49 Billion,"$53,279,309"
GTC,Gitcoin,$0.871296,0.7%,-13.2%,-19.3%,-18.2%,"$16,612,278","60,863,372",100 Million,"$52,992,238"
PENDLE,Pendle,$0.546068,2.3%,-8.9%,-21.8%,-35.7%,"$10,736,191","96,950,723",258 Million,"$52,935,285"
CANTO,CANTO,$0.100627,0.4%,-2.8%,-3.7%,-26.2%,"$6,788,686","523,866,982",1 Billion,"$52,729,139"
MDX,Mdex (HECO),$0.055367,0.2%,-4.6%,-3.5%,-14.0%,"$254,165","950,246,687",1.06 Billion,"$52,667,069"
QKC,QuarkChain,$0.00763802,-0.0%,-6.7%,-20.4%,-16.7%,"$881,330","6,881,561,472",10 Billion,"$52,531,213"
BETA,Beta Finance,$0.074785,2.0%,-2.6%,-10.7%,-11.7%,"$2,153,249","707,575,758",1 Billion,"$52,305,350"
CHR,Chromia,$0.090795,-1.2%,-12.4%,-21.7%,-23.0%,"$13,944,520","572,296,409",572 Million,"$51,939,211"
SX,SX Network,$0.105823,0.2%,-3.8%,-4.9%,-4.4%,"$314,230","489,600,000",1 Billion,"$51,838,000"
KEEP,Keep Network,$0.093538,-0.3%,-7.6%,-18.4%,-18.7%,"$116,770","549,716,300",1 Billion,"$51,419,113"
SWEAT,Sweatcoin (Sweat Economy),$0.00658525,0.8%,1.2%,-1.6%,9.7%,"$890,867","7,794,188,836",22.6 Billion,"$51,268,660"
REQ,Request,$0.066145,0.3%,-8.1%,-17.1%,-16.7%,"$1,617,875","768,822,835",1 Billion,"$50,866,251"
KODA,Koda Cryptocurrency,$0.00002839,-,-,-,-,-,0,33 Billion,"$21,848,398"
SUN,Sun Token,$0.00523496,0.2%,-4.4%,-4.6%,-9.9%,"$18,458,963","9,563,576,472",19.9 Billion,"$50,075,308"
MBOX,Mobox,$0.241636,-0.2%,-7.0%,-14.2%,-16.6%,"$3,398,398","207,075,396",399 Million,"$50,030,326"
BZR,Bazaars,$4.28,-0.3%,6.0%,8.1%,181.9%,"$904,225","11,672,346",556 Million,"$50,023,049"
POKT,Pocket Network,$0.03228040,-0.6%,-2.6%,15.6%,14.8%,"$540,253","1,548,744,251",1.64 Billion,"$49,871,054"
DOLA,DOLA,$0.989401,-0.1%,-0.5%,-0.7%,-0.7%,"$1,641,899","50,486,962",63.2 Million,"$49,819,168"
GAL,Galxe,$1.07,1.5%,-1.6%,-10.0%,-14.7%,"$17,448,004","46,545,330",200 Million,"$49,774,507"
BOB,BOB,$1.00,0.1%,0.2%,0.1%,0.1%,"$6,170,018","49,505,504",∞,"$49,609,179"
DEXT,DexTools,$0.523597,1.0%,-1.8%,-9.1%,-11.2%,"$165,402","94,344,232",137 Million,"$49,416,595"
CEL,Celsius Network,$0.115514,0.5%,-12.7%,-25.7%,-31.0%,"$705,054","423,415,980",693 Million,"$49,269,617"
PHA,Phala,$0.082477,-0.2%,-5.7%,-10.8%,-20.2%,"$4,076,849","596,369,700",1 Billion,"$49,180,347"
MIM,Magic Internet Money,$1.00,0.3%,0.1%,1.8%,1.7%,"$352,816","49,121,640",172 Million,"$49,153,255"
PEOPLE,ConstitutionDAO,$0.00966674,0.8%,-11.0%,-23.6%,-30.6%,"$9,648,271","5,067,211,002",5.07 Billion,"$48,958,583"
COTI,COTI,$0.03987277,-0.6%,-9.4%,-16.0%,-24.2%,"$6,076,307","1,219,255,922",2 Billion,"$48,738,903"
ATOR,AirTor Protocol,$0.665124,0.8%,28.7%,3.8%,89.3%,"$1,533,607","73,103,754",100 Million,"$48,615,370"
DNX,Dynex,$0.719406,-1.7%,14.4%,-25.8%,99.6%,"$848,437","67,062,379",67.1 Million,"$48,427,251"
CWEB,Coinweb,$0.01502153,-0.1%,2.1%,-14.7%,-29.3%,"$185,210","3,199,694,933",7.64 Billion,"$48,146,084"
XSGD,XSGD,$0.737093,0.2%,0.4%,-0.5%,-2.5%,"$7,562,030","65,098,661",65.1 Million,"$47,995,741"
GMT,Gomining Token,$0.109557,-1.3%,-6.3%,-10.3%,-20.3%,"$425,289","436,915,240",437 Million,"$47,906,484"
ECOIN,Ecoin,$0.00009390,-,-,-,-,-,"461,121,735,617",1 Trillion,"$43,297,214"
EUL,Euler,$2.52,0.9%,-2.1%,-1.7%,-7.8%,"$349,663","18,682,030",27.2 Million,"$46,981,810"
TEMPLE,TempleDAO,$1.03,-0.7%,-2.0%,-2.0%,1.0%,"$318,790","45,681,745",167 Million,"$46,869,743"
LEASH,Doge Killer,$430.82,0.6%,-5.4%,-21.4%,7.0%,"$3,637,104","107,526",108 Thousand,"$46,457,712"
CTK,Shentu,$0.497559,1.5%,-6.8%,-10.6%,-15.9%,"$2,674,963","93,173,012",124 Million,"$46,408,718"
REN,REN,$0.04640086,0.6%,-7.5%,-21.4%,-31.6%,"$10,378,787","1,000,000,000",1 Billion,"$46,261,547"
RSS3,RSS3,$0.094350,0.3%,-8.3%,-23.8%,-10.2%,"$1,762,761","489,250,000",1 Billion,"$46,109,278"
DFUK,DFUK,$2.13,-,-,-,-,-,"21,000,000",21 Million,"$44,753,402"
WMT,World Mobile Token,$0.106115,-0.3%,-7.6%,-21.6%,-15.2%,"$553,262","433,783,084",2 Billion,"$45,967,706"
SPELL,Spell,$0.00038583,0.4%,-6.7%,-18.8%,-20.3%,"$7,142,431","119,021,877,441",196 Billion,"$45,908,167"
THOR,THORSwap,$0.341160,-0.2%,7.9%,35.6%,296.6%,"$959,331","133,289,594",465 Million,"$45,644,266"
MBX,Marblex,$0.760510,0.1%,-6.5%,-5.7%,-27.0%,"$1,107,269","60,412,942",326 Million,"$45,618,445"
XYO,XYO Network,$0.00323201,0.7%,-3.7%,-8.1%,-9.7%,"$1,249,950","13,931,216,938",13.9 Billion,"$45,126,690"
UOS,Ultra,$0.166334,-0.1%,-3.6%,-6.7%,-6.6%,"$1,162,615","270,391,922",1 Billion,"$44,939,852"
CYBER,CyberConnect,$4.07,4.3%,-3.7%,,,"$27,618,094","11,038,000",100 Million,"$44,900,045"
VRA,Verasity,$0.00432437,-0.8%,0.1%,-5.4%,-5.6%,"$12,095,167","10,305,680,354",110 Billion,"$44,885,059"
FUN,FUNToken,$0.00420682,-0.5%,-1.2%,-16.0%,-8.0%,"$8,511,498","10,598,879,189",11 Billion,"$44,620,230"
NXRA,AllianceBlock Nexera,$0.060161,-1.2%,2.0%,0.1%,-7.4%,"$595,120","738,948,682",850 Million,"$44,535,441"
RLY,Rally,$0.00907365,0.2%,-4.0%,43.8%,33.6%,"$8,805,988","5,011,892,646",15 Billion,"$44,279,509"
BTM,Bytom,$0.02442102,0.3%,-4.1%,-4.5%,-15.7%,"$151,027","1,800,654,319",2.1 Billion,"$43,824,039"
MBL,MovieBloc,$0.00265521,-0.7%,-9.8%,-18.5%,-7.5%,"$1,037,621","16,498,706,222",30 Billion,"$43,802,726"
NEST,Nest Protocol,$0.00729562,-1.1%,-10.0%,-10.3%,-32.7%,"$2,660,099","5,929,658,303",10 Billion,"$43,633,973"
AXN,Axion,$0.00000361,-0.0%,-1.1%,6.4%,-19.2%,$244,0,-,"$17,300,936"
DUSK,DUSK Network,$0.101465,0.7%,-12.6%,-16.9%,-26.9%,"$8,971,798","427,614,409",500 Million,"$43,387,549"
WRX,WazirX,$0.094249,0.3%,-6.9%,-19.9%,-24.5%,"$1,054,001","456,517,027",1 Billion,"$43,023,896"
BOBA,Boba Network,$0.124273,-1.0%,-4.4%,-5.8%,-7.7%,"$1,251,827","342,812,539",500 Million,"$42,607,364"
ARK,ARK,$0.243147,2.2%,-3.6%,-14.9%,-13.9%,"$6,282,794","174,996,974",∞,"$42,230,563"
ZIG,Zignaly,$0.00514574,-0.4%,-3.4%,-3.4%,-5.1%,"$374,790",0,2 Billion,"$23,266,299"
CBK,Cobak,$0.547877,0.6%,-3.9%,-25.9%,-7.3%,"$6,521,553","76,447,561",100 Million,"$41,613,159"
RAY,Raydium,$0.183692,0.4%,-5.2%,-12.1%,-18.1%,"$2,526,995","224,066,848",555 Million,"$41,164,423"
CTC,Creditcoin,$0.163173,-1.2%,-9.0%,-15.2%,-16.2%,"$11,660,412","251,464,279",600 Million,"$40,963,095"
BADGER,Badger DAO,$2.08,-0.4%,-9.7%,-1.6%,-3.0%,"$9,326,879","19,626,631",21 Million,"$40,961,133"
ARRR,Pirate Chain,$0.209273,0.0%,-11.4%,-4.4%,16.3%,"$52,595","196,213,798",200 Million,"$40,975,684"
MNW,Morpheus Network,$1.08,-0.0%,2.3%,-3.0%,8.0%,"$178,435","37,520,088",47.9 Million,"$40,806,946"
RFR,Refereum,$0.00831489,0.9%,-10.0%,-32.3%,51.7%,"$15,194,525","4,877,586,401",5 Billion,"$40,526,665"
BFIC,Bficoin,$21.37,-0.1%,-3.2%,-1.4%,23.5%,"$585,265","1,889,774",21 Million,"$40,445,022"
GHST,Aavegotchi,$0.789132,-0.5%,-4.9%,-11.8%,-17.0%,"$1,328,668","51,157,239",52.7 Million,"$40,426,780"
DERO,Dero,$3.17,2.7%,-5.3%,-4.9%,-23.4%,"$14,323","12,677,351",18.4 Million,"$40,231,195"
DAWN,Dawn Protocol,$0.540059,-0.4%,-3.5%,-18.8%,-11.6%,"$2,572,054","74,464,266",76.6 Million,"$40,220,131"
MOON,r/CryptoCurrency Moons,$0.375537,-2.3%,-14.9%,-28.8%,5.0%,"$769,810","106,776,319",108 Million,"$40,157,955"
TMG,T-mac DAO,$24.68,16.5%,4.0%,42.7%,117.6%,"$16,703","1,750,000",1 Billion,"$40,035,039"
YGG,Yield Guild Games,$0.214961,3.2%,-18.6%,-32.8%,42.8%,"$57,752,509","185,125,000",1 Billion,"$39,868,011"
ALEX,ALEX Lab,$0.064788,-1.2%,-4.7%,-13.9%,-11.5%,"$346,650","612,802,136",613 Million,"$39,805,308"
SSX,SOMESING Exchange,$0.01408517,1.1%,-3.2%,-17.1%,-16.3%,"$756,212","2,825,668,513",5 Billion,"$39,739,745"
SOLO,Sologenic,$0.099204,0.1%,-12.1%,-22.0%,-39.6%,"$692,680","399,198,717",399 Million,"$39,631,648"
MOG,Mog Coin,$0.000000104166,31.9%,57.9%,239.6%,,"$4,756,574","390,570,159,911,439",391 Trillion,"$39,471,951"
VITA,VitaDAO,$1.63,-0.4%,3.5%,-44.6%,-46.6%,"$625,951","23,817,382",25.7 Million,"$39,349,393"
ARPA,ARPA,$0.04004264,1.4%,-13.2%,-28.0%,-19.2%,"$14,814,125","982,174,603",2 Billion,"$39,284,145"
10SET,Tenset,$0.232121,-0.2%,-8.6%,-15.2%,-22.8%,"$26,593","168,974,334",169 Million,"$39,161,868"
GODS,Gods Unchained,$0.163910,2.9%,-4.8%,-2.0%,1.3%,"$818,389","238,678,359",500 Million,"$39,103,733"
ACA,Acala,$0.04846415,1.3%,-4.7%,-16.0%,-24.6%,"$9,343,734","799,979,166",1.02 Billion,"$38,767,132"
HAY,Destablecoin HAY,$1.00,0.2%,0.1%,0.1%,0.0%,"$2,370,541","38,704,751",38.9 Million,"$38,716,780"
AERGO,Aergo,$0.087369,-0.0%,-8.1%,-18.6%,-21.1%,"$1,134,763","440,000,000",500 Million,"$38,481,970"
STRK,Strike,$9.93,0.5%,-5.0%,-12.9%,-13.3%,"$2,020,909","3,854,003",6.54 Million,"$38,185,487"
OGN,Origin Protocol,$0.075770,2.0%,-9.6%,-19.7%,-3.4%,"$14,575,418","502,728,259",1 Billion,"$38,092,978"
VEGA,Vega Protocol,$0.716568,0.5%,-4.0%,-14.7%,-36.2%,"$143,267","53,088,882",65 Million,"$38,066,480"
MFT,Hifi Finance [OLD],$0.00362701,-,-,-,-,-,"9,386,552,599",10 Billion,"$34,045,126"
AGLD,Adventure Gold,$0.485811,0.9%,-11.2%,-19.7%,-48.2%,"$10,248,089","77,280,001",77.3 Million,"$37,484,197"
KIN,Kin,$0.00001274,-1.3%,-9.8%,6.3%,18.5%,"$512,859","2,935,737,050,297",2.94 Trillion,"$37,417,378"
HOOK,Hooked Protocol,$0.746917,2.2%,-11.4%,-21.4%,-29.5%,"$11,832,776","50,000,000",500 Million,"$37,298,942"
VGX,Voyager VGX,$0.126780,-1.0%,-9.4%,-19.9%,-5.2%,"$5,238,329","293,569,429",294 Million,"$37,240,238"
XRP,HarryPotterObamaPacMan8Inu,$0.439136,3.0%,71.7%,138.0%,,"$3,351,615","84,470,217",84.5 Million,"$37,210,818"
RARE,SuperRare,$0.059972,0.0%,-7.6%,-15.3%,-22.4%,"$662,274","617,570,894",1 Billion,"$37,028,208"
HC,HyperCash,$0.051871,0.2%,-4.8%,-22.0%,-9.6%,"$77,536",0,84 Million,"$20,549,548"
TLM,Alien Worlds,$0.01005079,0.5%,-10.2%,-14.5%,-12.4%,"$8,778,305","3,644,573,437",6.1 Billion,"$36,647,958"
AURA,Aura Finance,$1.07,-0.3%,-6.4%,-9.9%,-32.8%,"$111,541","34,403,642",64.5 Million,"$36,600,584"
MTRG,Meter Governance,$1.69,0.3%,0.2%,-6.4%,-10.4%,"$92,371","21,564,447",45 Million,"$36,388,002"
FCT,Firmachain,$0.050173,1.0%,-10.1%,-22.9%,-4.5%,"$9,150,365","726,346,207",763 Million,"$36,395,501"
CEEK,CEEK Smart VR,$0.04372322,0.4%,-5.6%,-9.8%,-14.2%,"$3,735,698","830,725,361",1 Billion,"$36,358,437"
MPL,Maple,$4.56,-0.3%,-4.6%,-18.1%,-25.1%,"$544,136","7,919,160",10 Million,"$36,125,844"
NVIR,NvirWorld,$0.03351545,2.6%,-7.5%,40.4%,20.1%,"$672,848","1,071,465,523",10.7 Billion,"$36,031,060"
HEART,Humans.ai,$0.00796724,0.2%,-12.1%,-19.3%,-39.6%,"$280,201","4,504,500,000",7.8 Billion,"$35,921,205"
GRS,Groestlcoin,$0.429909,-2.8%,6.0%,19.6%,22.7%,"$136,314,572","83,200,539",105 Million,"$35,897,590"
SB,Snowbank,$223.97,0.3%,3.1%,3.6%,-1.0%,$270,"159,640",160 Thousand,"$35,754,066"
PHB,Phoenix Global [OLD],$0.01047954,0.1%,-0.3%,1.1%,22.9%,$17.48,"3,386,665,894",3.39 Billion,"$35,489,143"
WAN,Wanchain,$0.179746,-0.3%,-3.6%,-9.5%,-10.9%,"$1,366,948","196,925,440",210 Million,"$35,395,586"
META,Metadium,$0.02104134,1.4%,-6.8%,-22.5%,-18.0%,"$1,395,954","1,687,369,624",2 Billion,"$35,357,262"
ETN,Electroneum,$0.00196354,-0.1%,-0.9%,-4.0%,-2.4%,"$629,687","17,924,015,802",21 Billion,"$35,206,280"
BEAN,Bean,$0.951582,0.0%,-0.1%,-0.3%,-0.4%,$0.00,"35,237,206",35.2 Million,"$33,531,106"
BAD,Bad Idea AI,$0.000000066404,9.4%,-8.0%,-33.2%,118.1%,"$6,841,830","530,976,872,158,887",831 Trillion,"$35,134,583"
MOVR,Moonriver,$4.60,-0.2%,-8.1%,-10.5%,-10.7%,"$4,746,749","7,586,083",10.9 Million,"$34,771,552"
KILT,KILT Protocol,$0.279056,0.1%,-7.9%,-20.8%,-25.5%,"$217,727","124,485,765",160 Million,"$34,752,498"
HIFI,Hifi Finance,$0.339129,-0.4%,4.2%,5.5%,6.1%,"$6,114,156","103,238,216",119 Million,"$34,668,327"
BLZ,Bluzelle,$0.084521,0.9%,-12.5%,60.8%,36.1%,"$29,466,060","409,876,056",500 Million,"$34,594,383"
ZBC,Zebec Protocol,$0.01045833,1.1%,2.3%,11.1%,-2.6%,"$10,170,945","3,302,486,129",10 Billion,"$34,488,268"
LCX,LCX,$0.04439376,-0.2%,-1.7%,-12.0%,-18.4%,"$1,320,719","775,032,564",950 Million,"$34,409,014"
COMBO,COMBO,$0.483028,2.4%,-11.9%,-20.4%,-28.3%,"$3,445,744","71,051,748",100 Million,"$34,325,470"
SUPER,SuperVerse,$0.083034,0.3%,-4.8%,-11.2%,-21.8%,"$2,993,486","406,694,843",1 Billion,"$33,792,932"
FEI,Fei USD,$0.966683,0.2%,-1.9%,-2.0%,-3.1%,"$13,504","34,837,519",35.1 Million,"$33,673,882"
UQC,Uquid Coin,$3.37,0.2%,-2.5%,-7.8%,-12.0%,"$1,690,237","10,000,000",40 Million,"$33,656,904"
AURABAL,Aura BAL,$10.45,0.2%,-5.4%,-11.2%,-19.3%,"$14,138","3,223,302",3.22 Million,"$33,680,294"
CRE,Carry,$0.00383500,0.4%,-4.7%,-20.6%,2.2%,"$4,758,967","8,816,912,010",10 Billion,"$33,619,971"
EVMOS,Evmos,$0.061047,0.2%,-3.5%,-14.3%,-30.4%,"$901,315","550,375,678",1 Billion,"$33,516,844"
FINE,Refinable,$0.00233689,-1.6%,-10.4%,-13.9%,-30.0%,"$124,977",0,500 Million,"$19,934,365"
AUCTION,Bounce,$4.98,11.8%,14.8%,-5.0%,4.0%,"$7,336,018","6,500,020",7.64 Million,"$33,122,208"
RACA,Radio Caca,$0.00009820,-0.1%,-7.6%,-13.7%,-13.3%,"$3,614,028","335,464,574,834",430 Billion,"$32,940,627"
IDEX,IDEX,$0.04310713,0.4%,-9.6%,-17.3%,-21.3%,"$6,460,229","761,081,711",1 Billion,"$32,784,978"
DUST,Dust Protocol,$0.977210,-1.3%,-5.4%,-44.2%,-56.2%,"$939,397","33,297,819",33.3 Million,"$32,725,790"
CAW,A Hunters Dream,$0.000000051491,-1.1%,-8.6%,-25.7%,12.2%,"$876,578","636,666,666,666,667",667 Trillion,"$32,693,257"
SDAO,SingularityDAO,$0.386065,0.8%,-1.9%,-4.8%,-19.4%,"$993,939","84,389,922",100 Million,"$32,593,719"
TT,ThunderCore,$0.00313738,-0.5%,-7.6%,-21.9%,-16.0%,"$1,238,931","10,352,383,486",10.4 Billion,"$32,505,299"
STORJ,Storj,$0.224824,0.5%,-10.4%,-22.2%,-26.7%,"$15,832,723","143,787,439",425 Million,"$32,308,886"
USX,dForce USD,$0.996219,-0.3%,-0.1%,-0.3%,-0.3%,"$126,537","32,260,557",162 Million,"$32,183,444"
SOMM,Sommelier,$0.139751,0.4%,-5.8%,25.3%,4.6%,"$115,909","230,295,662",500 Million,"$32,153,317"
LOOMOLD,Loom Network (OLD),$0.03840563,0.3%,-6.4%,-20.8%,-17.8%,"$109,474","833,914,552",1 Billion,"$32,127,422"
B2M,Bit2Me,$0.00681126,-0.1%,-3.1%,-3.7%,-13.5%,"$349,931","4,713,890,000",5 Billion,"$32,121,302"
BEL,Bella Protocol,$0.538947,1.7%,-11.7%,-18.2%,-25.8%,"$4,438,514","59,500,000",100 Million,"$32,070,112"
ASD,AscendEx,$0.04239073,-0.6%,-1.1%,-4.5%,-29.0%,"$3,155,904","742,983,478",743 Million,"$31,899,756"
CHNG,Chainge Finance,$0.073930,0.5%,-0.8%,-9.5%,-18.1%,"$82,094","430,948,017",717 Million,"$31,852,960"
0X0,0x0.ai: AI Smart Contract,$0.03604171,2.6%,13.1%,-3.5%,-9.7%,"$1,006,185","891,250,000",891 Million,"$31,812,872"
DG,DeGate,$0.120237,0.0%,-1.1%,-20.4%,-19.2%,"$1,885","263,987,504",1 Billion,"$31,741,054"
BMEX,BitMEX,$0.317074,-0.1%,-8.9%,-13.3%,-11.9%,"$68,209","99,750,000",450 Million,"$31,658,355"
UWU,UwU Lend,$14.72,0.1%,-7.1%,-10.1%,-21.2%,"$34,549","2,143,139",16 Million,"$31,543,769"
TRU,TrueFi,$0.02949237,-0.2%,-12.6%,-17.9%,-22.2%,"$3,027,338","1,067,203,485",1.2 Billion,"$31,424,644"
SFUND,Seedify.fund,$0.614340,-0.2%,-3.2%,-13.3%,-18.2%,"$2,599,360","51,122,862",100 Million,"$31,419,441"
OXT,Orchid Protocol,$0.052878,0.8%,-9.9%,-43.8%,4.7%,"$9,943,555","591,544,729",1 Billion,"$31,293,704"
ELA,Elastos,$1.47,5.8%,1.0%,1.3%,12.7%,"$778,367","21,364,395",-,"$31,257,038"
GAS,Gas,$2.24,1.1%,-4.8%,-15.2%,-16.6%,"$4,473,410","13,935,116",100 Million,"$31,233,239"
XPRT,Persistence,$0.176234,0.5%,-3.2%,-19.8%,-37.5%,"$482,428","176,834,010",184 Million,"$31,131,857"
TRIAS,TriasLab,$3.18,4.8%,12.6%,-1.4%,-12.5%,"$1,350,858","9,777,245",10 Million,"$31,047,623"
PREMIA,Premia,$0.482037,0.3%,-5.3%,-3.0%,-20.8%,"$25,701","63,374,896",100 Million,"$30,547,363"
PERP,Perpetual Protocol,$0.422554,0.6%,-11.0%,-18.2%,-16.5%,"$5,078,596","72,609,864",150 Million,"$30,460,315"
FPIS,Frax Price Index Share,$1.47,0.2%,1.9%,3.4%,-21.2%,"$79,514","20,530,785",100 Million,"$30,222,563"
BAKE,BakerySwap,$0.104410,-0.4%,-5.8%,19.4%,3.8%,"$27,667,235","288,705,145",277 Million,"$30,157,337"
MOON,MOON (Ordinals),$0.300729,-0.2%,0.1%,0.1%,-19.0%,"$13,374","100,000,000",100 Million,"$30,061,674"
TBTC,tBTC,"$26,673.18",0.4%,-6.5%,-6.2%,-11.3%,"$881,620","1,114",1.11 Thousand,"$29,720,171"
TPT,TokenPocket Token,$0.00856382,-1.7%,-4.2%,-4.6%,-10.1%,"$49,718","3,466,457,401",5.9 Billion,"$29,715,562"
TLOS,Telos,$0.083904,-0.6%,-2.0%,-9.2%,-38.3%,"$1,237,724","352,892,729",355 Million,"$29,650,689"
CXO,CargoX,$0.176624,7.2%,7.5%,7.9%,16.5%,"$32,381","167,160,148",215 Million,"$29,524,372"
TONIC,Tectonic,$0.000000127957,-0.6%,-0.8%,-7.3%,8.7%,"$62,010","229,900,395,337,904",500 Trillion,"$29,420,052"
LAT,PlatON Network,$0.00696942,-1.1%,-1.4%,-9.5%,-14.2%,"$704,040","4,211,511,463",10.3 Billion,"$29,341,021"
BTRFLY,Redacted,$133.82,0.8%,-6.2%,-7.5%,-29.6%,"$113,833","218,663",219 Thousand,"$29,228,463"
BLID,Bolide,$0.01387687,-0.6%,2.9%,-15.6%,-17.9%,"$65,070","2,101,368,380",9.99 Billion,"$29,141,751"
POLIS,Star Atlas DAO,$0.132583,-0.4%,-11.7%,9.1%,8.7%,"$436,009","217,737,981",360 Million,"$28,887,256"
GOG,Guild of Guardians,$0.071218,-1.1%,-1.1%,15.5%,23.8%,"$337,594","402,689,335",1 Billion,"$28,854,867"
REEF,Reef,$0.00126189,0.3%,-9.0%,-18.8%,-24.2%,"$10,189,255","22,821,409,581",22.8 Billion,"$28,814,109"
AVA,Travala.com,$0.543638,-0.3%,-0.1%,-4.2%,-1.3%,"$2,780,792","52,425,132",61.4 Million,"$28,761,314"
INSTAR,INSTAR,$0.01598336,-,-,-,-,-,0,300 Million,"$37,569,532"
ERN,Ethernity Chain,$1.48,0.5%,-2.0%,-4.7%,-4.1%,"$2,175,569","19,176,577",30 Million,"$28,370,278"
XCM,Coinmetro,$0.093887,5.1%,-1.2%,-13.1%,-1.2%,$267,"302,267,836",329 Million,"$28,374,689"
SAITAMA,Saitama,$0.00063310,0.3%,-3.7%,-11.4%,-18.8%,"$428,595","44,711,832,657",44.8 Billion,"$28,254,372"
MCB,MUX Protocol,$7.43,0.3%,-1.0%,-10.4%,-45.5%,"$62,167","3,803,143",4.8 Million,"$28,241,816"
VR,Victoria VR,$0.00648624,-3.9%,-13.9%,-17.6%,-20.5%,"$516,927","4,333,877,460",16.8 Billion,"$28,161,151"
ROUTE,Router Protocol,$2.24,1.0%,-0.2%,-9.3%,-23.4%,"$1,413,189","12,506,171",20 Million,"$28,093,212"
MOC,Mossland,$0.070484,-0.2%,-8.2%,-19.9%,-13.4%,"$2,418,473","398,489,688",500 Million,"$28,066,349"
IRIS,IRISnet,$0.01818883,0.6%,-4.7%,-11.7%,-20.3%,"$742,206","1,540,055,657",1.99 Billion,"$28,016,453"
MELD,MELD,$0.01460956,3.4%,-3.1%,-6.5%,-37.0%,"$644,860","1,906,282,540",4 Billion,"$27,846,587"
ORAI,Oraichain,$2.05,-0.0%,-3.0%,-0.5%,-21.9%,"$867,406","13,564,471",16.8 Million,"$27,814,676"
PLEX,PLEX,$0.081879,-0.4%,-4.1%,-18.3%,5.4%,"$193,339","339,894,961",415 Million,"$27,803,015"
ZCX,Unizen,$0.04540864,0.5%,-10.7%,-15.2%,-27.4%,"$748,292","589,280,458",999 Million,"$27,769,380"
FORT,Forta,$0.117341,2.1%,0.6%,-11.7%,-8.7%,"$612,832","235,867,680",1 Billion,"$27,534,796"
KMD,Komodo,$0.197220,0.4%,-5.9%,-12.8%,-24.4%,"$1,210,849","138,640,234",200 Million,"$27,341,868"
NAKA,Nakamoto Games,$0.419014,-0.5%,-7.3%,-9.8%,6.5%,"$1,818,049","64,984,278",180 Million,"$27,201,099"
ADS,Adshares,$0.701796,0.0%,-2.2%,-4.4%,-5.9%,"$212,202","38,752,012",38.8 Million,"$27,209,919"
GBEX,Globiance Exchange,$0.000000071965,0.2%,-5.5%,-14.8%,-0.5%,"$163,330","378,355,950,568,613",500 Trillion,"$27,193,008"
FLM,Flamingo Finance,$0.053964,0.7%,-10.9%,-18.7%,-22.4%,"$2,818,067","504,153,826",504 Million,"$27,167,891"
VRSC,Verus Coin,$0.391153,1.3%,-5.7%,-5.5%,-1.9%,"$3,566","69,350,413",83.5 Million,"$27,126,183"
MULTI,Multichain,$1.40,-0.2%,-5.0%,-22.4%,-20.4%,"$3,125,606","19,363,293",100 Million,"$27,093,429"
EFI,Efinity,$0.04099985,-2.4%,-12.9%,-18.4%,-34.5%,"$1,652,719","650,442,641",2 Billion,"$26,619,570"
R,R,$0.992317,0.1%,0.7%,0.4%,0.3%,"$2,991,909","26,689,766",26.7 Million,"$26,504,291"
BAR,FC Barcelona Fan Token,$2.52,-0.7%,0.5%,-8.3%,5.4%,"$5,005,848","10,443,117",40 Million,"$26,462,656"
UTK,Utrust,$0.056259,-0.5%,-4.9%,-16.8%,-17.6%,"$2,301,919","470,000,000",500 Million,"$26,413,916"
PLU,Pluton,$6.40,-0.4%,-7.3%,-17.2%,-24.6%,"$415,316","4,100,183",20 Million,"$26,347,689"
MIMATIC,MAI,$0.951117,0.2%,0.4%,-0.3%,-1.8%,"$1,053,899","27,563,987",305 Million,"$26,232,336"
AHT,AhaToken,$0.00659856,0.4%,-3.0%,-15.6%,-8.3%,"$9,089,481","3,991,160,214",7.77 Billion,"$26,249,709"
WAGMIGAMES,WAGMI Games,$0.00001455,-2.3%,-4.2%,-16.6%,-48.1%,"$520,644","1,805,105,559,497",2.2 Trillion,"$26,224,071"
ALU,Altura,$0.03647140,-1.5%,-2.4%,-12.1%,-22.6%,"$780,620","719,755,021",990 Million,"$26,241,412"
SETH,sETH,"$1,689.80",0.3%,-6.0%,-8.7%,-11.3%,"$130,934","15,421",15.4 Thousand,"$26,062,305"
ATA,Automata,$0.064980,0.5%,-13.6%,-20.3%,-26.8%,"$2,459,648","401,140,219",1 Billion,"$26,062,535"
SBD,Steem Dollars,$2.10,0.7%,-3.1%,-8.4%,-9.7%,"$1,152,568","12,369,943",-,"$26,016,135"
LYRA,Lyra Finance,$0.061033,0.6%,-4.0%,-5.8%,-33.0%,"$87,003","424,126,209",1 Billion,"$25,908,669"
CTXC,Cortex,$0.120402,0.7%,-8.2%,-13.1%,-25.5%,"$2,385,853","214,360,192",300 Million,"$25,758,635"
0XBTC,0xBitcoin,$2.08,-,-,-,-,-,"10,835,900",21 Million,"$22,559,149"
POLS,Polkastarter,$0.257638,0.6%,-6.0%,-13.8%,-18.3%,"$1,597,226","99,301,432",100 Million,"$25,617,712"
OG,OG Fan Token,$6.40,-3.2%,97.0%,71.5%,54.2%,"$59,052,673","3,892,572",5 Million,"$25,532,488"
KEY,SelfKey,$0.00425180,0.9%,-12.3%,-19.6%,-25.1%,"$4,040,500","5,999,999,954",6 Billion,"$25,493,727"
FHM,Fantohm,$8.64,0.0%,-0.6%,37.5%,222.5%,"$4,357","2,940,265",2.26 Million,"$25,439,377"
LIT,Litentry,$0.553161,0.5%,-12.0%,-16.6%,-24.6%,"$4,996,444","45,824,365",100 Million,"$25,339,460"
TARA,Taraxa,$0.00654624,0.5%,1.6%,-36.9%,632.3%,"$2,918,668","3,847,103,916",10.2 Billion,"$25,192,018"
U,Unidef,$0.00014536,-0.2%,-1.9%,2.3%,12.1%,"$118,292","172,259,933,000",792 Billion,"$25,046,796"
UNFI,Unifi Protocol DAO,$3.64,4.4%,-14.6%,-3.8%,8.6%,"$29,596,988","6,883,242",10 Million,"$25,043,741"
BSW,Biswap,$0.066869,-0.2%,-9.8%,-19.5%,-28.0%,"$5,989,636","373,032,214",435 Million,"$25,033,767"
GXC,GXChain,$0.333829,4.0%,3.7%,10.3%,12.7%,"$12,814","75,000,000",100 Million,"$24,903,357"
DMT,Dream Machine Token,$41.46,3.1%,3.1%,-11.4%,17.2%,"$1,695,465","601,463",1 Million,"$24,903,257"
COPI,Cornucopias,$0.03188520,0.1%,-4.6%,-16.2%,-3.9%,"$292,210","779,408,905",3.84 Billion,"$24,853,565"
HDN,Hydranet,$0.143774,2.3%,-4.9%,17.9%,129.3%,"$221,591","172,587,827",300 Million,"$24,811,438"
BEAI,BeNFT Solutions,$14.60,1.7%,0.6%,2.2%,426.2%,"$275,373","1,700,146",7 Million,"$24,809,629"
TRB,Tellor Tributes,$9.99,0.9%,-13.4%,-12.6%,-5.3%,"$5,019,374","2,480,402",2.5 Million,"$24,753,333"
BOND,BarnBridge,$2.65,2.0%,-2.9%,-10.1%,-9.9%,"$2,933,428","9,296,291",10 Million,"$24,664,787"
FORTH,Ampleforth Governance,$2.56,-0.2%,-4.7%,-10.2%,-11.5%,"$4,872,764","9,564,987",15.3 Million,"$24,505,485"
DIA,DIA,$0.220567,-0.6%,-4.3%,-9.0%,-15.2%,"$2,770,019","110,617,604",169 Million,"$24,422,557"
LOOKS,LooksRare,$0.04486986,0.2%,-9.4%,-17.6%,-23.7%,"$3,892,231","544,846,570",942 Million,"$24,400,335"
CBAT,cBAT,$0.00347650,,-9.9%,-21.8%,-15.3%,"$463,522","6,977,626,866",6.98 Billion,"$24,257,695"
RVF,RocketX exchange,$0.334161,5.2%,11.9%,-10.8%,7.4%,"$499,612","76,626,193",99.7 Million,"$24,072,888"
MLN,Enzyme,$16.53,0.2%,-4.5%,-9.5%,-5.0%,"$560,641","1,453,964",2.37 Million,"$24,039,424"
H2O,H2O Dao,$0.103170,-3.2%,-9.7%,-12.3%,-15.0%,"$163,538","225,062,277",1 Billion,"$23,983,100"
SAI,Sai,$7.46,-,-,-,-,-,"2,893,362",2.89 Million,"$21,587,665"
BIFI,Beefy,$297.60,-0.0%,-5.3%,-12.4%,-15.7%,"$202,666","80,000",80 Thousand,"$23,810,816"
PLT,Poollotto.finance,$1.81,-0.1%,-5.1%,-6.9%,-17.2%,$20.92,"13,062,526",19.3 Million,"$23,699,358"
MEVFREE,MEVFree,$0.388607,-1.3%,5.3%,0.6%,611.4%,"$624,609","60,000,000",70 Million,"$23,505,783"
AMPL,Ampleforth,$1.04,-0.1%,-3.9%,-3.0%,-1.4%,"$311,563","22,519,127",27.6 Million,"$23,330,839"
OSAK,Osaka Protocol,$0.000000030589,0.1%,-19.8%,-0.0%,32.8%,"$449,674","761,500,000,000,000",762 Trillion,"$23,282,708"
DIONE,Dione,$0.00243751,0.8%,-1.4%,-0.4%,-6.6%,"$788,084","9,479,896,566",9.89 Billion,"$23,061,996"
